{
    "analises_adicionais": {
        "preco_por_segundo_andar": {
            "0": {
                "preco_desvio": 322816.03266574466,
                "quantidade": 811,
                "preco_medio": 822143.7419358816
            },
            "1": {
                "preco_desvio": 321471.04974596814,
                "quantidade": 607,
                "preco_medio": 909046.1436902803
            }
        },
        "preco_por_banheiros": {
            "0": {
                "preco_desvio": 351971.74481472303,
                "quantidade": 8,
                "preco_medio": 678989.1799999999
            },
            "2": {
                "preco_desvio": 312205.3764542158,
                "quantidade": 743,
                "preco_medio": 1.0221451874427994e6
            },
            "3": {
                "preco_desvio": 350734.7194620257,
                "quantidade": 20,
                "preco_medio": 1.299453837e6
            },
            "1": {
                "preco_desvio": 196141.19797867798,
                "quantidade": 647,
                "preco_medio": 661011.9311901083
            }
        },
        "preco_por_cozinha_excelente": {
            "0": {
                "preco_desvio": 290346.60656711407,
                "quantidade": 1339,
                "preco_medio": 826241.6931665421
            },
            "1": {
                "preco_desvio": 367384.9175377741,
                "quantidade": 79,
                "preco_medio": 1.4204045162025318e6
            }
        }
    },
    "variavel_alvo": "preco_de_venda",
    "estatisticas_gerais": {
        "minimo": 172057.0,
        "desvio_padrao": 324986.59845489013,
        "mediana": 788800.0,
        "quantidade": 1418,
        "media": 859343.8532651622,
        "maximo": 1.98679e6
    },
    "matriz_completa": {
        "colunas": [
            "Id",
            "area_primeiro_andar",
            "existe_segundo_andar",
            "area_segundo_andar",
            "quantidade_banheiros",
            "capacidade_carros_garagem",
            "qualidade_da_cozinha_Excelente",
            "preco_de_venda"
        ],
        "valores": [
            [
                1.0,
                0.005810874662337096,
                0.015252326128767752,
                0.004298364135950751,
                0.004427276797387415,
                0.018753025940137103,
                0.0011607753746590483,
                -0.01796521259777492
            ],
            [
                0.005810874662337096,
                1.0,
                -0.3984208283174751,
                -0.28432863870438163,
                0.35490745322058387,
                0.4573059349109364,
                0.26739484651080664,
                0.5891789605440938
            ],
            [
                0.015252326128767752,
                -0.3984208283174751,
                1.0,
                0.9202068296981415,
                0.2851643142317232,
                -0.009905560619203141,
                -0.03614870110219708,
                0.13235734874966473
            ],
            [
                0.004298364135950751,
                -0.28432863870438163,
                0.9202068296981415,
                1.0,
                0.39915031224476016,
                0.11764274240570251,
                0.0030949986310529684,
                0.2946548899898525
            ],
            [
                0.004427276797387415,
                0.35490745322058387,
                0.2851643142317232,
                0.39915031224476016,
                1.0,
                0.39660176948229464,
                0.12517657524395823,
                0.5669946361302394
            ],
            [
                0.018753025940137103,
                0.4573059349109364,
                -0.009905560619203141,
                0.11764274240570251,
                0.39660176948229464,
                1.0,
                0.23005964194082376,
                0.6358873947391382
            ],
            [
                0.0011607753746590483,
                0.26739484651080664,
                -0.03614870110219708,
                0.0030949986310529684,
                0.12517657524395823,
                0.23005964194082376,
                1.0,
                0.4194892305086599
            ],
            [
                -0.01796521259777492,
                0.5891789605440938,
                0.13235734874966473,
                0.2946548899898525,
                0.5669946361302394,
                0.6358873947391382,
                0.4194892305086599,
                1.0
            ]
        ]
    },
    "correlacoes": {
        "area_segundo_andar": 0.2946548899898525,
        "Id": -0.01796521259777492,
        "existe_segundo_andar": 0.13235734874966473,
        "capacidade_carros_garagem": 0.6358873947391382,
        "area_primeiro_andar": 0.5891789605440938,
        "quantidade_banheiros": 0.5669946361302394,
        "qualidade_da_cozinha_Excelente": 0.4194892305086599
    }
}
